<?xml version="1.0" encoding="UTF-8"?>
<project-private xmlns="http://www.netbeans.org/ns/project-private/1">
    <editor-bookmarks xmlns="http://www.netbeans.org/ns/editor-bookmarks/2" lastBookmarkId="0"/>
    <open-files xmlns="http://www.netbeans.org/ns/projectui-open-files/2">
        <group>
            <file>file:/C:/temp/ws%20-%20netbeans/Sistema_Imobiliario/src/sistemaimobiliario/Principal.java</file>
            <file>file:/C:/temp/ws%20-%20netbeans/Sistema_Imobiliario/src/sistemaimobiliario/TelaLogin.java</file>
            <file>file:/C:/temp/ws%20-%20netbeans/Sistema_Imobiliario/src/sistemaimobiliario/TelaHome.java</file>
            <file>file:/C:/temp/ws%20-%20netbeans/Sistema_Imobiliario/src/sistemaimobiliario/TelaCadastro.java</file>
            <file>file:/C:/temp/ws%20-%20netbeans/Sistema_Imobiliario/src/sistemaimobiliario/TelaListagem.java</file>
            <file>file:/C:/temp/ws%20-%20netbeans/Sistema_Imobiliario/src/sistemaimobiliario/Pessoa.java</file>
            <file>file:/C:/temp/ws%20-%20netbeans/Sistema_Imobiliario/src/sistemaimobiliario/Banco.java</file>
        </group>
    </open-files>
</project-private>
